IP,延迟(ms),丢包率(%),速度(Mbps),国家代码,ISP,来源,IP类型
172.64.67.216,37.46,0.00,0.00,CA,Cloudflare,本地IP池,IPv4
23.227.49.22,36.71,0.00,0.00,CA,Cloudflare,本地IP池,IPv4
104.30.129.73,47.26,0.00,0.00,US,Cloudflare,本地IP池,IPv4
103.31.4.57,36.96,0.00,0.00,US,Cloudflare,本地IP池,IPv4
37.153.171.208,29.99,0.00,0.00,NL,Cloudflare,本地IP池,IPv4
158.94.212.96,32.78,0.00,0.00,GB,Cloudflare,本地IP池,IPv4
162.251.205.201,28.58,0.00,0.00,US,Cloudflare,本地IP池,IPv4
162.159.160.29,209.14,0.00,0.00,FR,Cloudflare,本地IP池,IPv4
104.25.185.254,33.28,0.00,0.00,US,Cloudflare,本地IP池,IPv4
154.193.133.95,36.33,0.00,0.00,DE,Cloudflare,本地IP池,IPv4
172.66.43.105,41.95,0.00,0.00,CA,Cloudflare,本地IP池,IPv4
86.38.251.66,35.83,0.00,0.00,DE,Cloudflare,本地IP池,IPv4
162.159.234.102,34.05,0.00,0.00,US,Cloudflare,本地IP池,IPv4
172.66.153.66,30.19,0.00,0.00,CA,Cloudflare,本地IP池,IPv4
162.159.224.64,27.51,0.00,0.00,US,Cloudflare,本地IP池,IPv4
103.31.4.92,38.32,0.00,0.00,US,Cloudflare,本地IP池,IPv4
91.206.71.194,33.72,0.00,0.00,NL,Cloudflare,本地IP池,IPv4
8.6.112.34,31.14,0.00,0.00,US,Cloudflare,本地IP池,IPv4
173.245.58.49,36.29,0.00,0.00,CA,Cloudflare,本地IP池,IPv4
162.251.205.34,28.26,0.00,0.00,US,Cloudflare,本地IP池,IPv4
154.81.141.140,36.02,0.00,0.00,SG,Cloudflare,本地IP池,IPv4
62.146.255.71,27.09,0.00,0.00,US,Cloudflare,本地IP池,IPv4
154.207.189.209,34.78,0.00,0.00,HK,Cloudflare,本地IP池,IPv4
172.64.176.57,36.86,0.00,0.00,CA,Cloudflare,本地IP池,IPv4
162.159.234.60,25.48,0.00,0.00,US,Cloudflare,本地IP池,IPv4
162.159.206.141,34.56,0.00,0.00,CA,Cloudflare,本地IP池,IPv4
162.159.212.13,89.19,0.00,0.00,CA,Cloudflare,本地IP池,IPv4
172.64.230.29,31.81,0.00,0.00,CA,Cloudflare,本地IP池,IPv4
198.41.218.159,25.00,0.00,0.00,US,Cloudflare,本地IP池,IPv4
154.81.141.32,35.96,0.00,0.00,SG,Cloudflare,本地IP池,IPv4
198.41.214.199,36.54,0.00,0.00,CA,Cloudflare,本地IP池,IPv4
61.32.240.21,44.59,0.00,0.00,KR,Cloudflare,本地IP池,IPv4
188.114.96.220,43.35,0.00,0.00,CA,Cloudflare,本地IP池,IPv4
172.64.72.82,36.24,0.00,0.00,US,Cloudflare,本地IP池,IPv4
45.146.201.217,36.78,0.00,0.00,CW,Cloudflare,本地IP池,IPv4
94.156.10.235,33.58,0.00,0.00,CA,Cloudflare,本地IP池,IPv4
96.43.100.134,24.91,0.00,0.00,LV,Cloudflare,本地IP池,IPv4
198.41.216.223,29.08,0.00,0.00,CA,Cloudflare,本地IP池,IPv4
193.202.90.27,41.35,0.00,0.00,IE,Cloudflare,本地IP池,IPv4
198.41.202.246,35.17,0.00,0.00,CA,Cloudflare,本地IP池,IPv4
162.159.236.80,61.69,0.00,0.00,CA,Cloudflare,本地IP池,IPv4
162.159.137.169,33.73,0.00,0.00,CA,Cloudflare,本地IP池,IPv4
104.29.126.142,213.66,0.00,0.00,US,Cloudflare,本地IP池,IPv4
162.159.236.162,33.14,0.00,0.00,CA,Cloudflare,本地IP池,IPv4
66.93.178.138,33.38,0.00,0.00,US,Cloudflare,本地IP池,IPv4
172.66.216.112,36.34,0.00,0.00,CA,Cloudflare,本地IP池,IPv4
82.139.217.243,33.16,0.00,0.00,DE,Cloudflare,本地IP池,IPv4
104.20.36.129,32.69,0.00,0.00,US,Cloudflare,本地IP池,IPv4
104.21.73.139,34.52,0.00,0.00,US,Cloudflare,本地IP池,IPv4
162.159.224.63,32.20,0.00,0.00,US,Cloudflare,本地IP池,IPv4
104.19.152.135,79.75,0.00,0.00,US,Cloudflare,本地IP池,IPv4
45.130.125.55,33.53,0.00,0.00,SC,Cloudflare,本地IP池,IPv4
162.159.213.132,58.44,0.00,0.00,CA,Cloudflare,本地IP池,IPv4
45.128.76.128,35.21,0.00,0.00,DE,Cloudflare,本地IP池,IPv4
188.95.12.240,33.63,0.00,0.00,BE,Cloudflare,本地IP池,IPv4
173.245.49.94,32.06,0.00,0.00,CA,Cloudflare,本地IP池,IPv4
66.93.178.133,33.12,0.00,0.00,US,Cloudflare,本地IP池,IPv4
172.64.230.88,37.99,0.00,0.00,CA,Cloudflare,本地IP池,IPv4
188.95.12.210,35.37,0.00,0.00,BE,Cloudflare,本地IP池,IPv4
109.234.211.60,26.73,0.00,0.00,ES,Cloudflare,本地IP池,IPv4
216.163.179.143,26.65,0.00,0.00,CW,Cloudflare,本地IP池,IPv4
23.227.48.141,35.87,0.00,0.00,CA,Cloudflare,本地IP池,IPv4
162.251.205.72,31.99,0.00,0.00,US,Cloudflare,本地IP池,IPv4
62.146.255.155,35.20,0.00,0.00,US,Cloudflare,本地IP池,IPv4
156.224.73.204,29.91,0.00,0.00,HK,Cloudflare,本地IP池,IPv4
82.26.156.254,39.44,0.00,0.00,IT,Cloudflare,本地IP池,IPv4
172.66.216.166,36.02,0.00,0.00,CA,Cloudflare,本地IP池,IPv4
82.139.217.141,30.34,0.00,0.00,DE,Cloudflare,本地IP池,IPv4
156.255.123.183,35.25,0.00,0.00,HK,Cloudflare,本地IP池,IPv4
198.41.194.18,35.31,0.00,0.00,CA,Cloudflare,本地IP池,IPv4
82.26.156.251,30.83,0.00,0.00,IT,Cloudflare,本地IP池,IPv4
61.32.240.25,26.19,0.00,0.00,KR,Cloudflare,本地IP池,IPv4
188.95.12.193,37.34,0.00,0.00,BE,Cloudflare,本地IP池,IPv4
172.66.194.93,43.88,0.00,0.00,CA,Cloudflare,本地IP池,IPv4
23.227.38.252,26.92,0.00,0.00,CA,Cloudflare,本地IP池,IPv4
88.216.69.122,35.92,0.00,0.00,LT,Cloudflare,本地IP池,IPv4
188.42.98.179,38.34,0.00,0.00,RU,Cloudflare,本地IP池,IPv4
154.207.127.245,39.75,0.00,0.00,HK,Cloudflare,本地IP池,IPv4
156.255.123.169,33.11,0.00,0.00,HK,Cloudflare,本地IP池,IPv4
198.41.218.129,28.70,0.00,0.00,US,Cloudflare,本地IP池,IPv4
82.139.216.221,32.25,0.00,0.00,DE,Cloudflare,本地IP池,IPv4
104.27.204.237,34.90,0.00,0.00,US,Cloudflare,本地IP池,IPv4
162.159.234.245,27.66,0.00,0.00,US,Cloudflare,本地IP池,IPv4
156.243.83.58,39.45,0.00,0.00,PT,Cloudflare,本地IP池,IPv4
103.31.79.20,29.51,0.00,0.00,PH,Cloudflare,本地IP池,IPv4
173.0.92.137,33.52,0.00,0.00,US,Cloudflare,本地IP池,IPv4
172.64.234.69,26.61,0.00,0.00,US,Cloudflare,本地IP池,IPv4
104.24.142.194,41.62,0.00,0.00,US,Cloudflare,本地IP池,IPv4
104.25.83.177,31.81,0.00,0.00,UN,Cloudflare,本地IP池,IPv4
185.133.172.226,35.42,0.00,0.00,CR,Cloudflare,本地IP池,IPv4
8.6.112.156,35.62,0.00,0.00,US,Cloudflare,本地IP池,IPv4
185.207.198.218,35.07,0.00,0.00,AU,Cloudflare,本地IP池,IPv4
104.31.16.168,39.58,0.00,0.00,US,Cloudflare,本地IP池,IPv4
198.41.206.63,30.42,0.00,0.00,UN,Cloudflare,本地IP池,IPv4
104.21.8.121,39.79,0.00,0.00,UN,Cloudflare,本地IP池,IPv4
156.243.83.232,37.05,0.00,0.00,PT,Cloudflare,本地IP池,IPv4
158.94.212.190,28.30,0.00,0.00,NL,Cloudflare,本地IP池,IPv4
104.30.129.85,84.39,0.00,0.00,BG,Cloudflare,本地IP池,IPv4
188.95.12.228,28.13,0.00,0.00,BE,Cloudflare,本地IP池,IPv4
185.207.197.88,36.62,0.00,0.00,AU,Cloudflare,本地IP池,IPv4
89.249.200.55,31.38,0.00,0.00,UN,Cloudflare,本地IP池,IPv4
185.7.240.109,38.40,0.00,0.00,UN,Cloudflare,本地IP池,IPv4
45.192.224.231,32.71,0.00,0.00,UN,Cloudflare,本地IP池,IPv4
37.153.171.40,36.49,0.00,0.00,UN,Cloudflare,本地IP池,IPv4
104.21.221.240,37.10,0.00,0.00,UN,Cloudflare,本地IP池,IPv4
104.19.74.242,41.02,0.00,0.00,UN,Cloudflare,本地IP池,IPv4
172.67.76.49,33.85,0.00,0.00,UN,Cloudflare,本地IP池,IPv4
45.195.14.191,34.92,0.00,0.00,UN,Cloudflare,本地IP池,IPv4
172.64.235.218,34.49,0.00,0.00,UN,Cloudflare,本地IP池,IPv4
172.64.79.132,36.23,0.00,0.00,UN,Cloudflare,本地IP池,IPv4
217.180.22.115,38.56,0.00,0.00,UN,Cloudflare,本地IP池,IPv4
66.93.178.55,30.91,0.00,0.00,UN,Cloudflare,本地IP池,IPv4
154.81.141.176,28.41,0.00,0.00,UN,Cloudflare,本地IP池,IPv4
143.20.247.167,31.52,0.00,0.00,UN,Cloudflare,本地IP池,IPv4
104.27.65.80,64.80,0.00,0.00,UN,Cloudflare,本地IP池,IPv4
91.206.71.73,33.33,0.00,0.00,UN,Cloudflare,本地IP池,IPv4
104.20.52.13,36.06,0.00,0.00,UN,Cloudflare,本地IP池,IPv4
162.159.13.161,32.82,0.00,0.00,UN,Cloudflare,本地IP池,IPv4
45.192.223.224,39.23,0.00,0.00,UN,Cloudflare,本地IP池,IPv4
172.67.207.8,34.65,0.00,0.00,UN,Cloudflare,本地IP池,IPv4
91.206.71.175,31.61,0.00,0.00,UN,Cloudflare,本地IP池,IPv4
45.192.224.233,26.58,0.00,0.00,UN,Cloudflare,本地IP池,IPv4
94.156.10.227,33.09,0.00,0.00,UN,Cloudflare,本地IP池,IPv4
88.216.69.224,29.89,0.00,0.00,UN,Cloudflare,本地IP池,IPv4
162.251.82.58,37.22,0.00,0.00,UN,Cloudflare,本地IP池,IPv4
104.24.68.123,29.90,0.00,0.00,UN,Cloudflare,本地IP池,IPv4
8.39.125.63,29.23,0.00,0.00,UN,Cloudflare,本地IP池,IPv4
156.224.73.254,33.85,0.00,0.00,UN,Cloudflare,本地IP池,IPv4
198.41.211.70,39.29,0.00,0.00,UN,Cloudflare,本地IP池,IPv4
154.200.89.201,34.84,0.00,0.00,UN,Cloudflare,本地IP池,IPv4
108.162.196.50,35.09,0.00,0.00,UN,Cloudflare,本地IP池,IPv4
185.149.135.229,32.99,0.00,0.00,UN,Cloudflare,本地IP池,IPv4
172.66.0.89,33.00,0.00,0.00,UN,Cloudflare,本地IP池,IPv4
94.156.10.222,45.67,0.00,0.00,UN,Cloudflare,本地IP池,IPv4
77.111.106.243,33.00,0.00,0.00,UN,Cloudflare,本地IP池,IPv4
8.39.125.186,36.26,0.00,0.00,UN,Cloudflare,本地IP池,IPv4
172.64.72.84,38.19,0.00,0.00,UN,Cloudflare,本地IP池,IPv4
162.159.160.123,208.94,0.00,0.00,UN,Cloudflare,本地IP池,IPv4
193.202.90.56,31.77,0.00,0.00,UN,Cloudflare,本地IP池,IPv4
96.43.101.196,33.57,0.00,0.00,UN,Cloudflare,本地IP池,IPv4
151.246.216.205,30.59,0.00,0.00,UN,Cloudflare,本地IP池,IPv4
172.64.72.180,26.16,0.00,0.00,UN,Cloudflare,本地IP池,IPv4
104.21.237.93,33.72,0.00,0.00,UN,Cloudflare,本地IP池,IPv4
104.26.7.235,30.46,0.00,0.00,UN,Cloudflare,本地IP池,IPv4
185.158.133.146,37.65,0.00,0.00,UN,Cloudflare,本地IP池,IPv4
23.227.39.108,35.36,0.00,0.00,UN,Cloudflare,本地IP池,IPv4
185.158.133.1,32.29,0.00,0.00,UN,Cloudflare,本地IP池,IPv4
172.67.151.235,34.77,0.00,0.00,UN,Cloudflare,本地IP池,IPv4
104.27.57.116,31.99,0.00,0.00,UN,Cloudflare,本地IP池,IPv4
172.67.66.74,37.16,0.00,0.00,UN,Cloudflare,本地IP池,IPv4
172.66.217.79,25.96,0.00,0.00,UN,Cloudflare,本地IP池,IPv4
172.64.176.64,28.19,0.00,0.00,UN,Cloudflare,本地IP池,IPv4
154.207.252.69,30.71,0.00,0.00,UN,Cloudflare,本地IP池,IPv4
104.27.206.182,29.43,0.00,0.00,UN,Cloudflare,本地IP池,IPv4
104.21.99.246,36.52,0.00,0.00,UN,Cloudflare,本地IP池,IPv4
8.34.146.134,36.61,0.00,0.00,UN,Cloudflare,本地IP池,IPv4
88.216.69.128,35.12,0.00,0.00,UN,Cloudflare,本地IP池,IPv4
162.159.213.149,62.25,0.00,0.00,UN,Cloudflare,本地IP池,IPv4
154.193.133.178,33.50,0.00,0.00,UN,Cloudflare,本地IP池,IPv4
173.245.59.179,28.79,0.00,0.00,UN,Cloudflare,本地IP池,IPv4
159.242.242.33,34.00,0.00,0.00,UN,Cloudflare,本地IP池,IPv4
104.26.10.240,37.32,0.00,0.00,UN,Cloudflare,本地IP池,IPv4
172.66.1.15,31.28,0.00,0.00,UN,Cloudflare,本地IP池,IPv4
45.196.29.46,30.97,0.00,0.00,UN,Cloudflare,本地IP池,IPv4
172.66.43.91,33.59,0.00,0.00,UN,Cloudflare,本地IP池,IPv4
188.42.98.199,34.99,0.00,0.00,UN,Cloudflare,本地IP池,IPv4
185.133.172.45,30.97,0.00,0.00,UN,Cloudflare,本地IP池,IPv4
104.26.13.102,25.57,0.00,0.00,UN,Cloudflare,本地IP池,IPv4
104.17.78.47,34.92,0.00,0.00,UN,Cloudflare,本地IP池,IPv4
8.35.211.149,27.25,0.00,0.00,UN,Cloudflare,本地IP池,IPv4
45.192.224.193,36.36,0.00,0.00,UN,Cloudflare,本地IP池,IPv4
104.24.88.210,35.87,0.00,0.00,UN,Cloudflare,本地IP池,IPv4
162.159.248.50,28.39,0.00,0.00,UN,Cloudflare,本地IP池,IPv4
158.94.212.67,30.99,0.00,0.00,UN,Cloudflare,本地IP池,IPv4
154.193.133.200,30.78,0.00,0.00,UN,Cloudflare,本地IP池,IPv4
141.101.114.26,35.12,0.00,0.00,UN,Cloudflare,本地IP池,IPv4
162.251.205.150,35.08,0.00,0.00,UN,Cloudflare,本地IP池,IPv4
172.64.98.167,56.75,0.00,0.00,UN,Cloudflare,本地IP池,IPv4
173.245.58.208,29.08,0.00,0.00,UN,Cloudflare,本地IP池,IPv4
154.207.127.201,35.12,0.00,0.00,UN,Cloudflare,本地IP池,IPv4
156.224.73.174,33.03,0.00,0.00,UN,Cloudflare,本地IP池,IPv4
104.21.218.72,59.63,0.00,0.00,UN,Cloudflare,本地IP池,IPv4
176.103.113.195,39.91,0.00,0.00,UN,Cloudflare,本地IP池,IPv4
37.153.171.89,34.74,0.00,0.00,UN,Cloudflare,本地IP池,IPv4
172.66.208.210,33.07,0.00,0.00,UN,Cloudflare,本地IP池,IPv4
82.139.216.238,46.43,0.00,0.00,UN,Cloudflare,本地IP池,IPv4
198.41.223.219,35.97,0.00,0.00,UN,Cloudflare,本地IP池,IPv4
188.114.97.119,36.25,0.00,0.00,UN,Cloudflare,本地IP池,IPv4
103.31.4.141,31.20,0.00,0.00,UN,Cloudflare,本地IP池,IPv4
185.251.80.183,28.36,0.00,0.00,UN,Cloudflare,本地IP池,IPv4
104.29.127.180,219.43,0.00,0.00,UN,Cloudflare,本地IP池,IPv4
123.108.75.32,98.87,0.00,0.00,UN,Cloudflare,本地IP池,IPv4
